d__Bacteria;p__Firmicutes_A;c__Clostridia;o__Oscillospirales;f__Oscillospiraceae;g__F23-B02;s__F23-B02 sp900556535,d__Bacteria;p__Firmicutes_A;c__Clostridia;o__Oscillospirales;f__Oscillospiraceae;g__CAG-103;s__CAG-103 sp018265835,d__Bacteria;p__Firmicutes_A;c__Clostridia;o__Oscillospirales;f__Oscillospiraceae;g__ER4;s__ER4 sp900556145,d__Bacteria;p__Firmicutes_A;c__Clostridia;o__Oscillospirales;f__Oscillospiraceae;g__F23-B02;s__F23-B02 sp900772725,d__Bacteria;p__Firmicutes_A;c__Clostridia;o__Oscillospirales;f__Oscillospiraceae;g__NSJ-62;s__NSJ-62 sp018919205,d__Bacteria;p__Firmicutes_A;c__Clostridia;o__Oscillospirales;f__Oscillospiraceae;g__ER4;s__ER4 sp017527825,d__Bacteria;p__Firmicutes_A;c__Clostridia;o__Oscillospirales;f__Oscillospiraceae;g__CAG-103;s__CAG-103 sp902760845,d__Bacteria;p__Firmicutes_A;c__Clostridia;o__Oscillospirales;f__Ruminococcaceae;g__Harryflintia;s__Harryflintia acetispora,d__Bacteria;p__Firmicutes_A;c__Clostridia;o__Oscillospirales;f__Oscillospiraceae;g__UBA2658;s__UBA2658 sp009929315,d__Bacteria;p__Deinococcota;c__Deinococci;o__Deinococcales;f__Thermaceae;g__Thermus;s__Thermus aquaticus,d__Bacteria;p__Bacteroidota;c__Bacteroidia;o__Chitinophagales;f__Chitinophagaceae;g__Filimonas;s__Filimonas zeae,d__Bacteria;p__Firmicutes_A;c__Clostridia;o__Lachnospirales;f__Lachnospiraceae;g__Mediterraneibacter;s__Mediterraneibacter gallistercoris,d__Bacteria;p__Verrucomicrobiota;c__Kiritimatiellae;o__RFP12;f__UBA1067;g__WRJS01;s__WRJS01 sp009777165,d__Bacteria;p__Proteobacteria;c__Alphaproteobacteria;o__SP197;f__SP197;g__MPMV01;s__MPMV01 sp002238685,d__Bacteria;p__Firmicutes_A;c__Clostridia;o__Oscillospirales;f__Ruminococcaceae;g__Harryflintia,d__Bacteria;p__Firmicutes_A;c__Clostridia;o__Oscillospirales;f__Oscillospiraceae;g__ER4,d__Bacteria;p__Firmicutes_A;c__Clostridia;o__Acetivibrionales;f__Acetivibrionaceae;g__Herbivorax,d__Bacteria;p__Proteobacteria;c__Alphaproteobacteria;o__SP197;f__SP197;g__MPMV01,C00019_SAM+,C00024_Acetyl CoA,C00041_Ala,C00043_UDP-N-acetylglucosamine,C00106_Uracil,C00148_Pro,C00170_5-Methylthioadenosine,C00179_Agmatine,C00214_Thymidine,C00253_Nicotinate,C00295_Orotate,C00327_Citrulline,C00385_Xanthine,C00407_Ile,C00429_Dihydrouracil,C00430_5-Aminolevulinate,C00864_Pantothenate,C02630_2-Hydroxyglutarate,C02989_Methionine sulfoxide,C05607_3-Phenyllactate,C07044_Hydroxyurea,C09815_Benzamide
8.576809891545562e-06,6.736989473169858e-06,3.828449841178856e-05,1.298696765912262e-06,1.918283347982904e-05,3.787865567244097e-07,2.1374384272305978e-06,6.358202916445448e-06,1.4339776790281223e-06,3.517303741012376e-07,0.0,2.3538878882159745e-06,4.599551045939261e-07,5.952360177097866e-07,6.179781736946256e-06,0.0007399171009891779,2.314131033409662e-06,5.785327583524154e-07,84.62984126,90.17670459,4712.878007,166.44467790000004,0.0,684.4446168,25.27756432,49.59759424,310.9769205,0.0,0.0,480.9505316,0.0,218.5655526,26707.4724,13.76477355,41.40505552,702.8859679999997,99.29406037,0.0,91.74854717,0.0
5.036124163190032e-06,0.0,1.2501175467033664e-05,0.0,7.93300974378607e-06,0.0,0.0,6.462283218252697e-07,0.0,5.125259104131449e-07,0.0,4.479030782306179e-06,2.451210875888954e-07,2.228373523535413e-07,6.028711092127831e-07,0.00035003943920430494,1.4822313823059115e-05,2.0788658938371837e-07,28.23351378,0.0,12733.53519,82.33423362,0.0,499.0888445000001,9.696281775,16.85195205,0.0,0.0,427.4169618,139.34753480000003,0.0,171.498606,63023.45608,7.997891644,80.89331263,1496.691316,61.04701333,0.0,137.9313624,0.0
0.0,4.947559467865692e-07,1.5517345603760578e-06,3.3733360008175165e-07,8.23093984199474e-06,0.0,3.148446934096349e-07,2.136446133851094e-06,0.0,4.947559467865692e-07,0.0,1.2368898669664228e-05,2.248890667211678e-07,2.248890667211678e-07,2.083182987824278e-06,8.832695868374938e-05,9.122148662472628e-06,2.1928241977097667e-07,56.43292262,78.59885890000002,5494.831715,95.36748321,0.0,2901.815376,33.06510456,40.04548969,0.0,0.0,0.0,667.9727128,0.0,355.8621294,72827.27635,8.000122475,0.0,0.0,72.29627334,0.0,144.611187,0.0
3.782601234154364e-06,1.6624171029086058e-06,2.1731887345269026e-05,3.276648202834353e-06,4.570442382924095e-05,2.1201841312457583e-06,1.1564640715885954e-06,3.421206211782928e-06,7.950690492171593e-07,5.782320357942977e-07,2.409300149142907e-07,1.5419520954514605e-06,3.613950223714361e-07,4.095810253542942e-07,3.2106233104094827e-06,0.0024596992161466,8.04916829933645e-06,3.843703963166282e-07,28.99595752,36.80619315,1310.612598,93.55345245,0.0,737.4666428999999,12.67354167,47.43742173,173.5693696,0.0,0.0,318.92106960000007,0.0,86.54810062,52365.57925,10.76680528,0.0,0.0,29.09419824,0.0,106.5787591,0.0
4.217419556891447e-07,1.1502053336976674e-06,6.268619068652286e-06,2.1470499562356457e-06,1.0850270314547994e-05,3.4506160010930015e-07,7.859736446934059e-07,3.642316890042613e-07,1.2268856892775118e-06,3.258915112143391e-07,0.0,1.1137821647972411e-05,1.917008889496112e-07,3.642316890042613e-07,3.5872634400364844e-07,0.00037679482354109536,9.251363608515144e-07,3.5872634400364844e-07,30.07807729,0.0,12100.53127,80.18907643,0.0,1609.184419,12.25363262,37.75630806,211.0242782,269.5735264,0.0,1353.308892,0.0,4036.39054,48691.8898,10.266297300000002,66.48923757,527.2307155,170.9759283,183.1691898,99.26583969,0.0
0.0,4.063692208111622e-07,0.0,9.083547288720096e-07,8.844506570595884e-07,0.0,0.0,9.561628724968522e-07,0.0,2.3904071812421305e-07,0.0,2.2469827503676027e-06,4.063692208111622e-07,5.019855080608474e-07,8.967772605266181e-07,9.90938872881913e-05,6.636151727896974e-06,4.708080617764745e-07,34.12034273,0.0,9872.654217,151.5090292,0.0,6083.570627,8.681946446,28.28234188,0.0,0.0,0.0,440.120845,0.0,1286.148162,55770.73905,22.23173186,0.0,1463.951725,384.8981494,421.8321595,149.85546589999996,0.0
9.999568085882675e-06,3.053089415577624e-06,1.1007927892862445e-05,1.5685596997463022e-06,2.6945614842070408e-05,0.0,1.2044297694480537e-06,3.8261652675954446e-05,1.120399785533073e-06,0.0,5.601998927665365e-07,1.4004997319163414e-06,0.0,0.0,3.667688321027872e-05,0.0006645335720749622,9.934441279504484e-07,0.0,0.0,0.0,38961.0,0.0,4963.0,10327.0,0.0,4.5,264.0,626.0,0.0,6079.0,6299.0,11303.0,0.0,0.0,322.0,4791.0,1048.0,1637.0,0.0,967.0
0.0,0.0,0.0,0.0,6.500857781066484e-06,0.0,0.0,0.0,0.0,8.066757830520455e-07,0.0,7.521065389044071e-06,0.0,3.084348582257821e-07,0.0,2.9857987944837367e-05,2.007993341319472e-06,2.8373818953427325e-07,7.106866424,0.0,13589.94811,66.65339947,0.0,4941.107636,2.080982983,248.6085143,233.8197701,0.0,0.0,983.5356958,782.1788404,3756.847593,101277.9493,7.541504417,0.0,958.0956616,128.3368061,706.4213069,135.169669,0.0
0.0,0.0,1.014530479298906e-06,0.0,4.645481668368675e-06,0.0,0.0,0.0,0.0,4.271707281258552e-07,0.0,1.2548140138696997e-06,0.0,1.014530479298906e-06,0.0,7.102837783613079e-05,2.0017319820437e-05,1.8591149451550905e-06,54.97568269,86.10752007,13464.69205,174.7136217,0.0,393.7440393,14.34097839,51.42515613,629.4887155,348.9856787,0.0,118.868331,0.0,436.4030234,69326.78555,22.26109306,205.4048242,920.8005878,36.39003642,0.0,143.88675519999995,0.0
1.6588574438939298e-05,1.7775202391505758e-05,6.741984122336789e-05,1.1115555718938886e-05,0.00026486020239223227,4.72229491327469e-06,3.9473542095578185e-06,8.088443595044855e-06,8.718082916814814e-07,6.780731157522633e-07,0.0,7.022900127434155e-07,2.906027638938271e-07,5.085548368141975e-07,7.858632148605323e-06,0.0088762544253334,9.082131764555852e-06,4.941056141338675e-07,15.20388809,0.0,1043.342694,51.270464200000006,0.0,1001.887149,6.261177091,26.82354637,570.6152472,0.0,0.0,237.2896576,0.0,102.8861724,59369.82044,8.240153336,0.0,121.7738982,62.18973319,0.0,106.3146521,0.0
2.193709617677191e-06,4.490652629127426e-06,2.709876586542412e-06,5.677836657517435e-07,0.00013167419375751798,6.452087110815267e-07,1.522692558152403e-06,1.548500906595664e-06,5.161669688652213e-07,1.2904174221630537e-06,0.0,1.1020164785272477e-05,0.0,3.0970018131913284e-07,1.465684550534275e-06,0.00013667508433732117,4.69019056170968e-06,2.93136910106855e-07,25.38938451,0.0,887.1726864,47.67458597,0.0,471.8160427,6.168190535,19.97509733,0.0,0.0,0.0,576.3961817,0.0,77.13394620000003,20642.24091,0.0,0.0,261.3899177,48.43849799,0.0,83.40106679,0.0
0.0,0.0,0.0,0.0,1.117339502909622e-06,0.0,0.0,0.0,0.0,1.480474841355249e-06,0.0,3.100617120574201e-06,6.704037017457732e-07,1.4525413537825086e-06,0.0,7.181721872833712e-06,1.5366174724138544e-05,1.409243537310766e-06,11.71896642,0.0,3654.881094,77.24464954,0.0,3484.716658,3.116910826,28.73354902,0.0,0.0,0.0,961.1972014,0.0,1500.42956,28207.62589,7.791435541,0.0,163.11279119999998,41.0409283,0.0,95.53131595,0.0
1.2442439001897457e-05,9.005652781424502e-06,8.789262537913241e-05,1.1933285487753317e-05,0.0008509228105133964,4.646025816565291e-06,5.377933993147494e-06,5.556137723097943e-05,3.182209463400884e-06,0.0,3.5004304097409725e-07,1.018307028288283e-06,0.0,0.0,5.449429868225233e-05,0.0128289441754599,2.434453205736358e-06,0.0,0.0,0.0,26895.0,0.0,1472.0,159.0,0.0,3.7,325.0,656.0,0.0,127.0,3830.0,5342.0,0.0,6.2,167.0,5633.0,291.0,823.0,0.0,919.0
0.0,0.0,9.469204379772164e-07,1.1047405109734191e-06,5.20806240887469e-06,0.0,0.0,1.956968905152914e-06,5.681522627863298e-07,6.312802919848109e-07,0.0,1.578200729962027e-05,3.47204160591646e-07,0.0,1.863761331293136e-06,0.0001359343345178639,8.14644065774903e-06,0.0,52.25462111,16.78015431,3921.349278,172.3951402,0.0,1234.055205,11.72815981,56.50314271,0.0,174.0026989,0.0,334.2977246000001,0.0,170.04120980000005,63330.58921000001,0.0,0.0,517.9761082,80.57691304,125.0862385,119.3697831,0.0
0.0,0.0,0.0,0.0,2.78068188117744e-06,0.0,0.0,8.282882199251949e-07,0.0,4.96972931955117e-06,0.0,1.0767746859027536e-05,7.691247756448239e-07,1.5382495512896478e-06,7.887458585912762e-07,0.00018456653091035864,1.0873425050579736e-05,1.4648137373837988e-06,5.424222355,0.0,6681.097084,0.0,0.0,3992.014755,3.250041884,6.421940216,0.0,0.0,0.0,412.3242363,0.0,2842.513378,23004.67304,0.0,38.89239538,0.0,999.0851815,0.0,113.5590445,0.0
0.0,1.1047838002126842e-05,1.56635115609669e-05,5.955707817858136e-07,3.394753456179137e-06,5.955707817858136e-07,1.935605040803894e-06,3.0076324480183588e-06,1.995162118982476e-06,0.0,0.0,1.6973767280895688e-06,0.0,0.0,2.8144781549262103e-06,0.0001350670853161123,3.6225956449545283e-07,0.0,0.0,0.0,45131.0,0.0,2816.0,12741.0,0.0,0.0,129.0,833.0,587.0,4358.0,6939.0,8074.0,0.0,0.0,262.0,4948.0,544.0,2768.0,0.0,1419.0
5.6041917140019065e-06,1.425263571709127e-05,2.964686604259033e-05,2.9404709610503837e-06,0.0001076558309504564,2.283189216815592e-06,1.210782160432511e-06,1.030894525168252e-05,6.91875520247149e-07,0.0,1.90265768067966e-06,4.843128641730043e-07,0.0,0.0,1.0184544284192804e-05,0.0043802426266035,9.569370468369075e-07,0.0,0.0,0.0,42371.0,0.0,8018.0,8053.0,0.0,3.5,452.0,1483.0,0.0,2267.0,10943.0,8251.0,0.0,0.0,626.0,5904.0,519.0,2238.0,0.0,435.0
3.374696325167925e-06,2.1918130771709205e-06,2.146585188276917e-05,2.4353478635232447e-06,5.020295667234346e-05,5.914416239985023e-07,1.287255299290858e-06,3.4094870089325422e-06,4.174882051754134e-07,5.914416239985023e-07,0.0,3.757393846578721e-06,0.0,0.0,3.2033862276685163e-06,0.0017431977972993,6.537522913609217e-07,0.0,0.0,0.0,11665.0,0.0,537.0,6732.0,0.0,4.1,93.0,0.0,0.0,3686.0,716.0,3099.0,0.0,11.0,0.0,208.0,383.0,0.0,0.0,0.0
8.480345634740647e-06,5.134202475812473e-05,4.25454628454785e-05,5.720639936655555e-06,0.0002141646609451452,2.9609342385704638e-06,8.135382422480011e-06,2.529730223244668e-06,1.351105914687493e-06,0.0,0.0,2.069779273563819e-06,0.0,0.0,2.425018764271614e-06,0.0050676278485737,1.5707507904941138e-06,0.0,0.0,0.0,20855.0,0.0,1816.0,3697.0,0.0,0.0,450.0,1141.0,285.0,627.0,3585.0,5851.0,0.0,10.0,378.0,3120.0,1397.0,251.0,0.0,2004.0
0.0,0.0,1.389525408309369e-06,0.0,2.208989110645664e-06,0.0,0.0,1.995215970905761e-06,0.0,1.2826388384394177e-06,0.0,6.235049909080502e-06,0.0,0.0,1.973399212916772e-06,7.632826241388799e-05,0.0,0.0,24.60600772,41.73088775,16161.415469999998,64.7985169,0.0,14041.0223,0.0,15.74448223,259.765976,0.0,0.0,182.1360591,0.0,2281.004527,58898.81466,16.42693534,13.07065518,544.1778921,189.8205438,312.0324679,0.0,0.0
2.576801876804741e-05,4.068259552964536e-05,0.00012594267606171007,1.2183404265445455e-05,0.0005150753834483062,5.58109162257248e-06,1.111468459303796e-05,0.0001411659940620035,3.9423881248809865e-06,4.274878689629985e-07,4.037385429094986e-07,2.089940692707993e-06,0.0,0.0,0.00013341444141299182,0.0159278303287925,4.376819662774799e-06,0.0,12.75413744,0.0,1147.307399,28.3561759,0.0,1612.781694,10.51404954,3.2776696860000003,257.47313219999995,0.0,0.0,307.637969,0.0,224.2669286,65.71698039,7.376010447,0.0,164.8852902,81.86212631,0.0,0.0,48.31821316
1.936057546606004e-05,1.5163320937540151e-05,9.839901637635703e-05,6.50278870615757e-06,0.0001995173807571073,4.197254528519887e-06,3.665208179834267e-06,2.128185394742477e-05,1.5665809155743238e-06,3.251394353078785e-07,3.5469756579041295e-07,1.6256971765393926e-06,0.0,0.0,2.033860615464301e-05,0.0107639530747678,4.689178641209361e-06,0.0,87.98517579,95.50933786,2447.588593,103.7934732,0.0,1310.248372,21.59442616,44.70231449,284.7370913000001,0.0,0.0,291.0806241,0.0,197.3067437,0.0,12.25460714,33.32289182,439.4057888,100.2224993,0.0,0.0,23.08631587
0.0,0.0,6.559839984886129e-07,0.0,7.543815982619048e-06,0.0,0.0,9.371199978408756e-07,0.0,0.0,0.0,5.622719987045253e-07,0.0,0.0,8.463289255676561e-07,7.616960330108905e-05,6.008935371530359e-06,0.0,0.0,0.0,42718.0,0.0,2795.0,2181.0,0.0,26.0,0.0,0.0,0.0,4101.0,5620.0,15270.0,0.0,0.0,396.0,931.0,165.0,0.0,0.0,0.0
2.4829417406436823e-05,7.434322057558128e-05,6.491616373318413e-05,9.688113801109696e-06,0.00030288408476403423,4.234923996892262e-06,4.263930325638099e-06,0.00014233405515582417,2.494544272142017e-06,6.091329036625856e-07,0.0,2.494544272142017e-06,2.900632874583741e-07,4.0608860244172373e-07,0.00013851031269542847,0.0089455870690588,2.596891943749627e-06,3.95179208831465e-07,5.730376589,0.0,1601.618188,35.88346420000001,0.0,1185.7464,5.5651301470000005,0.0,294.2171504,0.0,0.0,293.68039060000007,54.26412264,338.04476150000005,0.0,9.262211902,0.0,124.9856946,84.01589812,0.0,0.0,82.30913906
1.2961103387180336e-05,9.32983725096615e-06,5.220394484933661e-05,9.905087331950576e-06,0.00010523481169008831,2.8762504049221275e-06,2.103258108599306e-06,2.9805144821005543e-05,1.2583595521534306e-06,1.330265812276484e-06,0.0,8.269219914151116e-07,0.0,4.134609957075558e-07,2.8788581691455237e-05,0.0081563538778584,1.2501676005939546e-06,3.9935909463418e-07,49.36713738,109.094709,3277.83184,107.8519168,0.0,713.1397832,13.51288778,20.7341494,178.9160434,0.0,0.0,370.2773326,0.0,275.0943141,31378.73884,11.56274567,0.0,290.085712,122.475811,0.0,71.31252463,0.0
1.2549883959309106e-05,3.988155543920386e-06,3.4503033742357105e-05,4.097921292835626e-06,0.00013951226687127,1.939194897502573e-06,1.4635433188698665e-06,2.323375018705913e-05,4.024744126892133e-07,7.317716594349332e-07,0.0,2.85390947179624e-06,0.0,5.854173275479466e-07,2.1895016053012008e-05,0.0041816032627228,2.8618682399999946e-06,1.0344102072289137e-06,55.17040582,105.0352427,4400.695491,94.24518723,0.0,1291.592528,34.09493638,28.07702495,0.0,0.0,0.0,624.3936769,0.0,2122.111614,40936.16426000001,60.10851508,0.0,495.6327251,70.63383557,0.0,75.86982611,0.0
4.540915595623249e-06,7.856504760681495e-06,5.560819654005296e-05,6.162671165488696e-06,0.0003260809865809457,3.0272770637488327e-06,1.0090923545829444e-06,1.2829888508268864e-05,0.0,3.603901266367658e-07,0.0,2.1263017471569183e-06,0.0,0.0,1.1756962838321056e-05,0.0065272940369179,2.080586120264681e-06,0.0,11.82994544,42.72624791,1967.540919,0.0,0.0,1328.761341,31.45663779,25.49107778,0.0,0.0,0.0,280.5532545,0.0,155.6760456,77801.60177000001,0.0,0.0,451.9124137,54.70863071,0.0,78.00877339,0.0
0.0,5.216676392869985e-07,8.346682228591976e-06,0.0,5.338398842036952e-06,0.0,0.0,5.025398258464753e-06,0.0,1.3215580195270631e-06,0.0,6.138289222277016e-06,2.9561166226263255e-07,6.781679310730982e-07,4.758953959524619e-06,0.0001628253866843579,1.1082269947266671e-05,6.422117800050524e-07,27.15245813,166.76332230000003,2998.90866,140.7138301,0.0,666.2353433999998,8.1482939,34.22103970000001,0.0,0.0,0.0,337.17604710000006,0.0,243.0183548,43721.21804,23.69952155,0.0,297.8591693,77.26680999999998,0.0,75.38024487,0.0
8.055193831445514e-06,5.647552870755158e-06,3.388531722453095e-05,5.796172683143452e-06,0.00026400823472656483,2.615708698033968e-06,2.1995732233467457e-06,1.0700626491957142e-05,4.7558339964253963e-07,6.242032120308333e-07,0.0,4.131630784394563e-06,2.972396247765873e-07,9.511667992850792e-07,1.0234408610526368e-05,0.0046038634267068,3.269324972807034e-06,9.09725209824566e-07,54.53603878,89.72504856,2943.549261,81.15152285,0.0,1427.712885,17.25860878,90.5761256,0.0,329.5944292,0.0,530.0224059,0.0,359.6431192,46133.49528,20.81625145,54.32725322,832.3222473,146.7366855,0.0,58.95518953,0.0
1.331006499580984e-05,2.980115181451763e-05,6.84338247426072e-05,1.144749300740249e-05,0.0001695359064953703,2.595044118679906e-06,3.8088550774172815e-06,2.908960745939572e-06,8.371110060257762e-07,1.2138109587373755e-06,0.0,2.46947746777604e-06,2.929888521090217e-07,3.348444024103105e-07,2.780049818492748e-06,0.0122074987583777,6.200111105991019e-07,3.200057345027623e-07,99.2173391,99.66728908,13148.13276,202.5885686,696.3110899000003,1310.243185,17.58397856,20.65484812,304.1033248,384.5993708,0.0,836.1676036,204.1365057,3561.215178,39386.66321,29.7467527,284.2730605,619.129907,181.7625283,311.7812619,67.2539114,0.0
6.916827419860179e-07,0.0,8.084042046961584e-06,2.593810282447567e-07,0.00012171454750385208,5.836073135507026e-07,0.0,3.67456456680072e-07,3.026111996188828e-07,1.5779012551556033e-06,1.880512454774486e-06,3.998790852106666e-06,0.0,5.187620564895134e-07,3.559217017479148e-07,0.0007009354501657905,5.024776965852913e-07,5.024776965852913e-07,31.63714343,0.0,1202.662761,0.0,0.0,780.5428198,13.71817856,9.13424037,222.3615204,287.9965325,0.0,370.2826967,0.0,121.412932,809.9522429,8.521554553,0.0,321.79338,81.41723126,0.0,0.0,807.8854002999999
0.0,6.331687299096304e-07,5.738091614806026e-07,3.165843649548152e-07,4.392608063748061e-06,0.0,0.0,1.8599331441095397e-06,2.374382737161114e-07,1.0684722317225013e-06,0.0,5.560012909518942e-06,2.1765175090643546e-07,4.5509002462254694e-07,1.7961553600247242e-06,8.589062067352272e-05,1.0891580374618008e-05,4.394848221337091e-07,75.79416686,0.0,3523.861752000001,46.33208656,0.0,1434.589202,18.48056629,58.7807389,0.0,0.0,0.0,432.8119033,0.0,270.77758900000003,48677.46992,12.79117913,0.0,417.286025,118.1122918,0.0,109.2798855,0.0
0.0,0.0,0.0,0.0,2.508697001513252e-06,0.0,0.0,0.0,0.0,1.301981988127131e-06,0.0,2.635719634501265e-06,0.0,3.493122407170351e-07,0.0,2.257498650338307e-05,1.062713650363339e-05,5.221425449762071e-07,59.35029518,0.0,3338.712105,87.85790457,0.0,1250.42351,14.55148374,0.0,245.4739681,70.63567890000002,0.0,628.3829654,0.0,227.1565941,1028.745485,21.52572404,110.3997693,3687.189094,77.96359926,0.0,0.0,1054.697759
3.0794144196944747e-06,5.987750260517034e-07,1.5111941133685849e-06,1.1120107626674492e-06,5.759645488687814e-06,0.0,1.995916753505678e-06,1.4826810168899324e-06,4.2769644717978817e-07,1.5397072098472371e-06,0.0,9.837018285135127e-06,7.698536049236187e-07,5.987750260517034e-07,1.4093649591216403e-06,0.00011803431532643738,4.20099170507412e-06,5.691666181068163e-07,52.63525453,24.54433609,4610.471782,74.31781251,118.7071025,1592.566482,49.41789275,61.92761379999999,0.0,370.3744362,0.0,724.8383411,0.0,847.3557649,49203.66466,111.9933692,43.06423285,1777.8260280000006,159.0597243,0.0,119.11713629999998,0.0
8.373887143393578e-06,1.0990726875704071e-05,7.577457659646907e-06,1.3425525583158185e-06,1.1468584565952076e-05,5.91633330783242e-07,7.873274325038528e-06,8.897255089855678e-06,8.646948680678152e-07,1.0694910210312452e-06,0.0,3.959392290626312e-06,2.730615372845732e-07,3.640820497127643e-07,8.505033315694634e-06,0.00030387548700832234,2.8712644441731243e-06,3.9153606056906243e-07,32.21787354,0.0,1929.048881,48.40955715,0.0,1102.755808,7.860208272,31.35369996,477.5569426,110.544917,0.0,254.0399202,0.0,212.8815727,0.0,6.397463722,0.0,1033.733919,167.3190072,0.0,0.0,30.80111527
0.0,0.0,2.525418699989495e-07,0.0,3.084618554987168e-06,0.0,0.0,9.38012659996098e-07,0.0,1.2085932349949723e-06,1.9842575499917458e-07,5.483766319977187e-06,0.0,2.164644599990995e-07,9.192652793468636e-07,4.502632050954733e-05,1.9269214509386178e-06,2.121381413877377e-07,62.00268608,20.72227497,4343.964159,63.84148101,0.0,993.6268867,15.13001548,37.92902889,404.074891,0.0,0.0,356.2834518,0.0,153.969501,28013.25769,32.43948864,0.0,118.1422448,61.24272829,0.0,79.58750127,0.0
1.591840636394063e-05,1.6405704517938813e-05,8.793024467700539e-05,1.1749299935289511e-05,0.0004960153765308167,3.573519795986672e-06,1.2994617439951534e-06,4.791765180982128e-05,1.0016684276629308e-06,9.74596307996365e-07,6.768029916641424e-07,5.766361488978494e-06,0.0,0.0,4.514159733159602e-05,0.0101310496275754,4.2591224600997375e-06,0.0,10.0,0.0,47378.0,0.0,2756.0,15190.0,0.0,0.0,0.0,1228.0,474.0,7718.0,6519.0,8911.0,0.0,0.0,528.0,1845.0,481.0,732.0,0.0,410.0
2.95234993423157e-05,2.5585479303758988e-05,0.00022495648196583723,1.6870571052751828e-05,0.00037371577146966,9.507172637462355e-06,9.67028589349725e-06,8.843068666463148e-05,6.2216056230452185e-06,3.961321932275982e-07,0.0,1.4913211980333109e-06,0.0,0.0,8.57985979763016e-05,0.0151283840933966,6.330331339489972e-07,0.0,9.376807704,0.0,1069.638053,0.0,0.0,813.3072440000003,8.180641753,3.610184336,315.1260789,0.0,0.0,309.8211366000001,0.0,148.6533055,0.0,18.84267131,54.64335301,153.24536619999995,55.42012486,0.0,0.0,18.89051405
4.93328798431624e-06,4.607504815540639e-06,2.46664399215812e-05,4.793666626269554e-06,5.240454972018949e-05,1.582375391195775e-06,1.5358349385135464e-06,1.5358349385135464e-06,6.515663375512015e-07,6.515663375512015e-07,0.0,1.0285440042772536e-05,0.0,5.584854321867441e-07,1.4962449013754708e-06,0.0040564559498926,4.987483004584902e-07,5.440890550456258e-07,53.93439681,46.96865761,1589.900063,106.6317248,0.0,665.0102897999999,6.892715524,24.38019081,0.0,0.0,0.0,250.7641288,0.0,185.7851175,0.0,7.612159158,23.04070034,1459.380131,65.28045767,0.0,0.0,119.8232778
0.0,0.0,1.057327304654438e-06,0.0,1.5482292675297126e-06,0.0,0.0,0.0,0.0,8.685188573947169e-07,0.0,6.91038916970579e-06,5.28663652327219e-07,0.0,0.0,0.00013542880711555797,3.611921310463426e-06,0.0,55.42053132,46.18541977,12721.06571,77.8139949,0.0,1377.832154,17.12178702,44.29772032,0.0,0.0,0.0,202.9797127,0.0,448.85647069999993,98.26147882,39.00716111,0.0,0.0,54.67938803,0.0,0.0,123.69942079999998
6.6118383761539095e-06,1.691774029849907e-05,3.8734130082164806e-05,4.577426568106553e-06,0.0001643322906526674,2.676857642167575e-06,1.1778173625537328e-06,5.2519946939327816e-05,6.424458341202179e-07,6.692144105418937e-07,0.0,1.3116602446621115e-06,0.0,7.227515633852452e-07,4.988879528170997e-05,0.0048405862284345,1.7544989166350602e-06,7.373980953973442e-07,124.099251,120.1401428,2272.887267,40.78732612,0.0,1003.890877,16.21888661,74.57878455,0.0,0.0,0.0,98.74942333,0.0,156.65723590000005,243.8328397,39.78726117,0.0,0.0,67.38509281,0.0,0.0,0.0
5.562832291262928e-06,1.0086822407651457e-05,2.9858334768164274e-05,3.786747282606692e-06,0.00018173035852722203,1.608529819160365e-06,5.194210874372011e-06,2.178217463446328e-06,2.8484382214298126e-06,0.0,0.0,2.647371994034767e-06,0.0,0.0,2.0605265406121064e-06,0.0031734961762174,1.553320007538357e-06,0.0,0.0,0.0,61507.0,0.0,5264.0,18569.0,0.0,0.0,315.0,714.0,549.0,10902.0,5167.0,12129.0,0.0,0.0,261.0,500.0,927.0,492.0,0.0,1973.0
3.1914802208013315e-05,1.7307642735884144e-05,0.000130727939813593,1.2029425447635788e-05,0.000519352031315786,6.873957398649022e-06,7.487703594956971e-06,1.8412385889238447e-06,0.0,0.0,0.0,0.0,0.0,0.0,1.7431976939586347e-06,0.0178237315680086,1.2783449755696651e-06,0.0,12.09201496,0.0,19000.01751,67.79734814,1099.824589,3302.149492,12.47247908,13.68365606,195.1365161,436.5585401000002,0.0,5440.198063,334.9547633,8661.703936,71454.26055,14.77075184,101.195522,0.0,1241.626611,0.0,0.0,0.0
5.660616459312501e-06,6.404347089003195e-06,2.772462514013641e-05,5.082159302886406e-06,4.937545013779882e-05,4.1318368316149643e-07,2.561738835601278e-06,2.231191889072081e-06,1.0742775762198908e-06,4.1318368316149643e-07,0.0,7.437306296906935e-07,0.0,4.545020514776461e-07,2.186233667164467e-06,0.0036565162941412,1.2145742595358147e-06,4.453438951631321e-07,41.45296742,0.0,3687.710432,56.69539859,0.0,1145.612803,11.93330353,37.49163076,385.1265941,200.4427521,0.0,472.72414110000005,0.0,1301.16047,52326.7681,13.03462333,30.77718207,1009.197816,238.6596297,0.0,0.0,0.0
1.3351574641906692e-05,1.9364879251620392e-06,3.5712914156672553e-05,3.5264464321371877e-06,0.00011062442073530932,1.3045813390565318e-06,6.522906695282659e-07,1.591996915317424e-05,0.0,8.561315037558489e-07,0.0,1.6714948406661812e-06,2.64993084495858e-07,5.707543358372326e-07,1.4578698662050665e-05,0.0034210475080589,4.68534361610079e-06,5.226678137482953e-07,41.707958700000006,0.0,2060.678107,49.86009132,0.0,1612.834922,13.48526967,50.51595658,0.0,188.8842191,0.0,353.7186089,0.0,378.5622272,506.4519456,51.92968584,0.0,1441.221643,126.985657,0.0,0.0,534.1847889999998
1.8571298309426276e-05,1.597800890585774e-05,5.721967587228636e-05,1.1432781241538695e-05,0.0006777687337971697,3.848106856908146e-06,2.732713565050713e-06,1.3942416148217922e-05,9.480842980788188e-07,6.413511428180244e-07,5.855814782251527e-07,3.1509860494972504e-06,2.788483229643585e-07,0.0,1.3135951820691526e-05,0.0092823101788625,8.144290128828746e-07,0.0,47.52011496,0.0,4244.251152000002,86.54133916,0.0,1255.873297,11.70633584,20.25645404,227.7339635,100.3632949,0.0,558.3575433,0.0,230.8139488,36998.78487,6.43551241,90.42882157,0.0,133.4395021,0.0,0.0,0.0
0.0,6.572073714350402e-07,3.8337096667044014e-06,0.0,1.4787165857288406e-06,0.0,2.5192949238343207e-06,2.902665890504761e-06,0.0,2.574062204787241e-06,0.0,5.805331781009522e-06,5.476728095292001e-07,1.0953456190584005e-06,2.7113078213250198e-06,0.0001982835682161467,4.604107621117957e-06,1.0231350269151016e-06,25.76614726,0.0,24252.48181,0.0,0.0,7895.884544,22.98613122,46.15224721,0.0,0.0,0.0,938.9629099,0.0,8849.027468,0.0,28.71901398,0.0,0.0,606.6603056,0.0,0.0,191.8305835
6.431801047496117e-06,4.751016801634762e-06,1.6561327435887214e-05,2.532381597097774e-06,7.61507315658251e-05,4.257986756182098e-07,1.6807842458613546e-06,7.552323878070353e-06,8.291868946249349e-07,8.067764380134502e-07,0.0,4.773427258246247e-06,2.689254793378167e-07,3.137463925607862e-07,7.340763056854057e-06,0.0015483346553241,1.350526141023595e-06,6.099150314300108e-07,85.31438837,0.0,3421.395692,68.10933071,0.0,1375.626,17.38664607,38.30034981,184.3291369,688.0332569,0.0,636.0305119,0.0,784.1332211,32096.64848,4.3727332080000005,49.12672154,0.0,170.0663636,0.0,0.0,0.0
2.583401656956017e-06,1.6067498110336202e-06,1.178283194757988e-05,9.451469476668356e-07,4.9273660871697686e-05,0.0,8.506322529001519e-07,9.136420494112744e-07,8.821371511557131e-07,9.136420494112744e-07,0.0,1.011307234003514e-05,3.46553880811173e-07,4.410685755778566e-07,8.690086870303569e-07,0.00043387506136250136,4.94435977103479e-06,4.195214351181034e-07,20.80100425,0.0,2191.855289,0.0,0.0,886.5143337000003,7.222172154,41.93198595,0.0,0.0,0.0,280.2697939,0.0,865.9006944,118.46445,6.497067246,31.26133659,0.0,155.3800219,0.0,0.0,0.0
1.336432691004832e-05,4.341656988316744e-05,0.000108139095494658,1.31894011651524e-05,7.199943659916084e-05,5.247772346877612e-06,1.0320618948859304e-05,0.00011447140745989031,6.157386220336398e-06,0.0,1.294450512229811e-06,5.597623836669453e-07,0.0,0.0,0.0001116970426637642,0.0132994241321051,3.755096177571535e-07,0.0,0.0,0.0,50533.0,0.0,4255.0,1759.0,0.0,2.6,392.0,890.0,693.0,2570.0,8463.0,5520.0,0.0,0.0,376.0,5861.0,448.0,2113.0,0.0,2428.0
7.743457727173691e-06,1.4044506662030717e-05,4.080498557211627e-05,5.617802664812285e-06,5.02565589744018e-05,1.5562831706574576e-06,5.23822140367632e-06,1.2526181617486852e-06,1.7460738012254402e-06,0.0,8.350787744991235e-07,0.0,0.0,0.0,1.2180994068778692e-06,0.0050254352075392,2.7314956396655248e-06,0.0,0.0,0.0,61735.0,0.0,7069.0,14598.0,0.0,2.0,898.0,1432.0,0.0,10772.0,10398.0,11992.0,0.0,0.0,453.0,6751.0,366.0,2144.0,0.0,505.0
6.8323396769843016e-06,3.207671209851785e-07,5.3728492765017394e-05,6.992723237476891e-06,0.0002339675380465892,2.854827376768089e-06,0.0,1.3472219081377496e-06,0.0,8.019178024629462e-07,3.528438330836964e-07,6.447419131802087e-06,3.528438330836964e-07,7.056876661673927e-07,1.2756272760455604e-06,0.0050846199502396,4.160974686148613e-06,6.681857160238649e-07,90.13430897,82.39138444,2409.874967,77.76445289,0.0,657.8879962999998,21.35878007,46.10024308,98.8137484,64.74261612,0.0,323.9398751,0.0,292.1700461000001,73420.85083,7.732398792000001,0.0,0.0,118.7524432,86.20098433,0.0,0.0
0.0,0.0,0.0,0.0,0.0,0.0,0.0,2.053036081082607e-06,0.0,0.0,2.6396178185347803e-06,2.9329086872608677e-06,0.0,0.0,1.8976885611128912e-06,3.131186125836271e-05,1.7621393781762565e-06,0.0,0.0,0.0,21356.0,0.0,1266.0,11486.0,0.0,2.8,386.0,445.0,511.0,3150.0,2605.0,5325.0,0.0,0.0,234.0,1220.0,1159.0,428.0,0.0,1247.0
0.0,0.0,5.00224670352637e-07,0.0,1.917527903018442e-06,0.0,0.0,2.862396724795645e-06,0.0,0.0,0.0,3.0569285410438925e-07,0.0,0.0,2.7769209613614096e-06,6.416574648582674e-06,1.806346644769072e-06,0.0,0.0,0.0,19170.0,0.0,928.0,9344.0,11.0,29.0,735.0,645.0,816.0,3001.0,1980.0,3481.0,0.0,0.0,204.0,827.0,576.0,0.0,0.0,1201.0
6.153029264432913e-05,4.0821550083646935e-05,0.0001469724786770719,2.726402797557441e-05,0.0003231457742023,6.331809775748155e-06,1.5270835341510256e-05,6.68937079837864e-05,7.374696091753734e-06,0.0,9.683944362908945e-07,1.8622969928671045e-06,0.0,0.0,6.482728041689861e-05,0.0232996320510405,3.3929645652497045e-06,0.0,0.0,0.0,6596.0,0.0,0.0,2567.0,0.0,0.0,519.0,317.0,921.0,300.0,648.0,1514.0,0.0,0.0,180.0,536.0,102.0,127.0,0.0,0.0
1.5782614527170344e-05,3.284859044322824e-05,0.00013701930743484564,1.818550393615129e-05,0.0003582216608684217,1.1222585762399674e-05,7.700168333325324e-06,4.095834219853896e-06,2.348278286049567e-06,0.0,2.730556146569264e-07,1.6383336879415582e-06,0.0,0.0,3.979780275269728e-06,0.0197368447235396,7.322795706496298e-06,0.0,0.0,0.0,31797.0,0.0,3331.0,11775.0,0.0,2.5,531.0,363.0,599.0,3314.0,3736.0,8166.0,0.0,0.0,138.0,2202.0,1721.0,874.0,0.0,440.0
2.5750846463656867e-05,0.0,8.397015151192456e-07,0.0,7.022958126451873e-06,0.0,4.325735077887023e-07,4.834645087050203e-07,0.0,0.0,0.0,4.580190082468613e-07,0.0,0.0,4.7094973806271307e-07,5.884393042952004e-05,7.113819727578876e-06,0.0,0.0,0.0,58388.0,0.0,6938.0,10853.0,0.0,11.0,378.0,1534.0,890.0,3158.0,10462.0,14711.0,0.0,0.0,443.0,2685.0,1502.0,1327.0,0.0,901.0
1.707808595711687e-05,1.922698419013157e-06,9.20350493218798e-05,9.72659200206656e-06,0.0005136149526672648,3.4212721867734125e-06,1.6399486515112229e-06,1.0461741397571593e-06,0.0,9.330742327563852e-07,0.0,6.588069582795084e-06,3.392997210023219e-07,5.654995350038698e-07,9.95058378730407e-07,0.0146437631838511,6.104817620859522e-06,5.378693939083279e-07,40.22849354,97.71053807,3170.578529,120.5754281,0.0,1085.816181,10.48155931,27.54015206,299.2931423,106.5313353,0.0,181.1686766,262.0701259,139.0024668,60909.44569,15.2231912,28.76198063,491.95703889999993,82.95921565,33.22059333,0.0,0.0
1.1160749275021553e-05,1.348068030409907e-06,4.586566345324869e-05,8.057057763147582e-06,0.0002437181597303864,2.57073438357238e-06,2.131828513206364e-06,1.8339995297437104e-05,0.0,5.016067089897328e-07,0.0,1.6615722235284895e-06,0.0,4.0755545105415785e-07,1.776813189263043e-05,0.0087784898327104,5.163388755123372e-06,3.9484737539178733e-07,28.55127701,29.62104163,1593.125572,0.0,0.0,1342.296375,7.758629301,9.949256195,519.0056446000001,153.3870151,0.0,544.3331598999998,0.0,384.5476741000001,73479.55288999999,15.52401386,16.02990465,458.8107404,105.0067244,0.0,0.0,0.0
2.0537096764975183e-05,3.740978478626639e-05,1.123934323622477e-05,3.773794079316346e-06,0.0003828213283793444,6.836583477022366e-07,1.731022936382063e-05,3.7546516455806834e-05,6.836583477022366e-06,6.836583477022366e-07,0.0,2.7072870569008568e-06,4.10195008621342e-07,6.289656798860577e-07,3.628097541124935e-05,0.0007505379057579863,5.549165940540687e-06,6.077657934877895e-07,41.53502892,0.0,1559.141945,57.90237376,0.0,2693.088253,14.98516235,8.175589468,0.0,0.0,0.0,211.6988359,0.0,132.1963231,0.0,18.09709829,21.68011598,363.0656282,57.86456461,0.0,0.0,38.34064174
4.817115570267722e-06,2.953559911696997e-05,9.212294010293016e-06,4.922599852828329e-06,7.559706916843505e-06,4.922599852828329e-07,2.3558156438535573e-06,2.39097707137376e-06,0.0,5.977442678434399e-07,0.0,6.012604105954602e-06,0.0,7.735514054444517e-07,2.2999325071276767e-06,0.0005234714031296332,8.015941238077344e-06,7.779183479990672e-07,12.56723162,0.0,1197.913076,0.0,208.8779966,949.363113,1.39140776,0.0,412.7863813,0.0,0.0,346.21018,252.3883937,319.0872597,671.0182139,35.18333846,0.0,872.3598962000003,133.97347720000002,0.0,0.0,671.4762096
2.7919185087797053e-05,0.00010988704899940634,0.00010350923981851098,1.9881843926158507e-05,0.0007483838436296554,6.475428709174374e-06,2.46977406545897e-05,0.00020545656718455775,1.89056486433684e-05,9.111155972707662e-07,0.0,7.809562262320854e-07,0.0,0.0,0.00019829655906790944,0.0158121249081143,1.6645102360784289e-06,0.0,23.87648152,0.0,1091.02931,42.35449689,0.0,1355.636415,11.36661286,7.946052827999999,0.0,316.0585139,0.0,404.9946383,0.0,99.95075904,0.0,29.46271795,0.0,136.6065618,15.76434687,0.0,0.0,46.6886464
5.621436828843384e-06,1.3186086388644977e-06,3.296521597161244e-05,6.48894251230687e-06,9.858334586879046e-05,2.35961545902068e-06,0.0,1.9085125036196674e-06,0.0,1.0757070474947216e-06,0.0,1.283908411525958e-06,0.0,4.164027280624729e-07,1.8680950325077407e-06,0.0058306302847347,1.2567184764142985e-06,4.075843707289616e-07,48.04718735,78.39199688,1834.913053,164.0530915,0.0,949.0764394,11.30871021,47.5106491,0.0,55.45342528,0.0,353.50562180000014,0.0,217.4430566,0.0,5.828570207,23.82365657,973.9826657,81.21366883,0.0,0.0,13.73587355
1.039766515767862e-06,4.37419016978204e-06,6.8481173969538494e-06,1.4700147291890464e-06,2.4237316022726717e-05,6.812263379168751e-07,1.1831825869082568e-06,5.019562489913817e-07,1.290744640263553e-06,2.509781244956908e-06,0.0,4.983708472128718e-06,5.019562489913817e-07,6.095183023466777e-07,4.6790619697306804e-07,0.0005223170033067933,7.987827219754518e-06,5.68171810610154e-07,62.36821147,72.8555317,2643.502083,97.94979366,0.0,1510.4500039999998,11.15593311,13.1004144,284.5980106,150.05661809999995,0.0,213.04698540000004,0.0,325.1702759,747.2473363,9.045332067,23.75832684,731.3809152000001,56.46995124,0.0,0.0,777.7693162
3.348156949460722e-06,3.592293393692233e-06,1.14395362439908e-05,1.2241698846465763e-05,4.324702726386766e-05,2.406487807424894e-06,2.0577214585227357e-06,3.1981874194327934e-05,2.7552541563270524e-06,0.0,3.836429837923744e-07,2.7552541563270524e-06,0.0,0.0,3.113477459611542e-05,0.0004575148175383374,3.4631919398078228e-06,0.0,0.0,0.0,29100.0,0.0,3108.0,9351.0,0.0,0.0,840.0,664.0,0.0,7055.0,1194.0,7039.0,0.0,0.0,280.0,2920.0,910.0,614.0,0.0,0.0
2.4220983842978423e-06,9.24221751903124e-07,0.00016132450028046944,1.0835703298174558e-06,4.9621147162522895e-05,1.3703977700632528e-06,6.373943116573268e-07,1.3895195994129726e-05,2.00779208172058e-06,0.0,1.7209646414747826e-06,2.294619521966377e-06,0.0,0.0,1.3029073391126836e-05,0.0033719002870669,5.976639170241668e-07,0.0,0.0,0.0,70386.0,0.0,3317.0,31731.0,0.0,4.3,205.0,596.0,0.0,15815.0,0.0,19035.0,0.0,0.0,198.0,9625.0,1303.0,3023.0,0.0,1177.0
6.81274973411541e-07,1.0219124601173115e-06,8.515937167644263e-07,4.087649840469246e-07,5.961156017350983e-06,5.790837273998099e-07,0.0,1.1820120788690236e-05,0.0,1.2603587008113508e-06,0.0,4.3260960811632855e-06,4.768924813880787e-07,5.790837273998099e-07,1.1428784853717976e-05,8.579822635139864e-05,1.1198232997879285e-06,1.5479910320597835e-06,36.34112068,17.93211766,5255.2774100000015,55.43808743,0.0,3832.069077,10.76173853,16.82326612,0.0,80.54998452,0.0,686.4546475999998,0.0,982.48136,96.35880785,6.279743615,15.94697896,462.1526532,78.7402435,0.0,0.0,103.5850786
1.7784607691152503e-05,1.4449993749061408e-05,0.00014093131555258678,1.02378498222095e-05,0.000580866347912675,3.919633931931637e-06,1.3455459766332486e-06,2.0534201643403056e-05,6.435219888245972e-07,0.0,0.0,2.9250999492027143e-06,0.0,0.0,1.9419036642062395e-05,0.0127071868748114,1.825721393698174e-06,0.0,7.4,0.0,4194.0,0.0,0.0,1481.0,2.7,5.1,136.0,0.0,0.0,1029.0,470.0,1242.0,0.0,0.0,0.0,75.0,111.0,0.0,0.0,0.0
0.0,4.153039107763634e-07,5.335057930742515e-06,5.11143274801678e-07,7.283791665923911e-06,0.0,0.0,6.069826388269927e-07,0.0,0.0,0.0,1.9167872805062924e-06,0.0,0.0,5.66050293508994e-07,0.00015837491369967432,1.4002296734169851e-06,0.0,0.0,0.0,34636.0,0.0,5020.0,654.0,0.0,1.9,375.0,1173.0,0.0,863.0,5341.0,6304.0,0.0,0.0,344.0,7851.0,520.0,1208.0,0.0,1992.0
3.747033201136338e-05,3.9342013629952544e-05,0.00021682147063970116,2.833212175589866e-05,0.0010057169230552,1.2367778538520527e-05,1.6257940334019567e-05,0.00015997372893000291,7.780323590998078e-06,0.0,0.0,3.302967562216165e-06,0.0,0.0,0.0001536586787066825,0.0268366169019117,8.460216308695526e-07,0.0,0.0,0.0,19442.0,0.0,2209.0,5670.0,0.0,0.0,623.0,385.0,527.0,1082.0,3053.0,3708.0,0.0,0.0,167.0,1296.0,392.0,386.0,0.0,359.0
1.0405114624634544e-06,1.8445430470943051e-06,3.807326033104913e-06,2.83775853399124e-07,4.89986306869154e-05,2.83775853399124e-07,3.783678045321652e-07,1.3242873158625783e-06,2.364798778326033e-07,0.0,0.0,3.6417901186220906e-06,0.0,0.0,1.208588210558684e-06,0.00016959082426018106,8.84859225587608e-07,0.0,0.0,0.0,53158.0,0.0,2280.0,25604.0,0.0,2.5,142.0,453.0,0.0,18365.0,1238.0,18214.0,0.0,19.0,127.0,2646.0,2072.0,1343.0,0.0,405.0
2.698461159348503e-07,4.587383970892455e-07,1.3492305796742516e-06,3.5079995071530537e-07,2.0994027819731357e-05,0.0,0.0,1.2412921333003111e-06,0.0,0.0,0.0,7.906491196891115e-06,0.0,0.0,1.2071052207641937e-06,0.00011013523068581132,1.4695193991911923e-06,0.0,51.0,0.0,5284.0,103.0,0.0,1453.0,20.0,52.0,371.0,401.0,0.0,1172.0,0.0,1552.0,0.0,0.0,417.0,2318.0,259.0,0.0,0.0,0.0
3.640125098965901e-06,5.852750159121645e-06,1.2383562836678114e-05,3.747187601876663e-06,7.797718962000484e-05,5.353125145538089e-07,2.7122500737392987e-06,3.4723938444057075e-05,8.921875242563483e-07,3.925625106727933e-07,0.0,4.99625013583555e-07,0.0,0.0,3.357084562855491e-05,0.0012106895920924,7.59053035794664e-07,0.0,18.03340793,15.44070027,1330.566603,60.93057148,0.0,931.8678782,7.420160741,29.86098799,221.2946184,93.25577667,0.0,208.6104721,0.0,201.321585,31846.30599,20.3438425,0.0,237.5425693,44.94769474,0.0,0.0,0.0
1.0634722795315617e-06,1.5468687702277265e-06,7.412079524007854e-06,3.254869704020841e-06,3.925179504452855e-05,1.3535101739492605e-06,6.12302221548475e-07,2.255850289915434e-06,0.0,5.478493561223197e-07,0.0,5.1562292340924204e-06,0.0,0.0,2.151962359104108e-06,0.0031250182532521,6.886279549133143e-06,0.0,50.38993667,54.85035736,6861.955367000001,0.0,0.0,2009.421876,8.567705972,61.31778617,196.1793083,0.0,0.0,589.3208647000001,0.0,1270.122741,87451.37898,51.12485818,0.0,246.776131,62.60015451,0.0,0.0,0.0
1.9437029887784664e-06,0.0,1.1494657330189897e-05,0.0,2.335794798583778e-05,0.0,0.0,2.044239350267008e-06,0.0,6.367302894274287e-07,4.356575664503459e-07,2.714481760190617e-06,0.0,0.0,1.9391727908498512e-06,0.0003531837656777352,3.2107615061612286e-06,0.0,37.90475553,79.15714855,6227.572407,136.63671019999998,0.0,1247.883337,8.24411232,86.72597203,222.5719047,207.7579828,0.0,1731.4855510000002,0.0,2564.863482,57901.10684,21.95190683,31.7676947,853.115202,372.7674386000001,248.9177063,0.0,0.0
0.0,0.0,4.898056487921017e-07,0.0,5.597778843338305e-07,0.0,0.0,1.2315113455344273e-05,0.0,1.3294724752928474e-06,7.347084731881524e-07,1.5148988994784286e-05,3.498611777086441e-07,2.798889421669153e-07,1.1610969007767326e-05,3.28702574325004e-05,3.842834913082084e-06,2.638856592674392e-07,31.53981489,71.98226789,11307.4931,128.8249645,0.0,1285.8871800000004,6.480180736,10.31010676,378.3857772,0.0,0.0,91.18238033,0.0,318.0689097,64676.20194,10.96721269,37.27685848,1262.965143,58.03999255,280.2772444,0.0,0.0
8.058288813198481e-06,1.2283976849387928e-05,2.378177918041503e-05,6.453182504878458e-06,0.00012198807943232172,1.8344072095085973e-06,4.094658949795976e-06,1.4740772219265514e-06,2.030950839098804e-06,0.0,0.0,3.373998974631885e-06,0.0,0.0,1.3554091124696796e-06,0.0036023762189194,2.9517798449339686e-06,0.0,8.1,0.0,18320.0,0.0,1134.0,4379.0,0.0,2.2,214.0,321.0,0.0,2861.0,0.0,2267.0,0.0,0.0,135.0,945.0,50.0,135.0,0.0,714.0
2.564045327494952e-05,2.4675165622245536e-05,5.8550729184325904e-05,9.924363679362814e-06,0.00021721988709754293,4.0119768065509244e-06,5.3392473290189e-06,0.00013161093839835853,4.615281589490914e-06,0.0,3.016523914699944e-07,6.334700220869881e-07,0.0,0.0,0.00012695008999257068,0.0096369463111687,2.909697226508611e-07,0.0,0.0,0.0,32236.0,0.0,5032.0,11832.0,0.0,0.0,0.0,981.0,338.0,3644.0,8943.0,6871.0,0.0,0.0,386.0,2041.0,301.0,781.0,0.0,339.0
1.94823600754712e-05,6.048345795661105e-06,5.6471489891147405e-05,4.315905040119985e-06,0.0001698703751354267,2.5226768896475964e-06,2.3403147048537942e-06,7.719999156270958e-06,1.0333857138315457e-06,3.6472436958760446e-07,0.0,6.078739493126739e-07,0.0,0.0,7.53363545782051e-06,0.0061324385826301,1.5719790522223895e-06,0.0,32.49291914,0.0,2820.352939,72.81876849,0.0,1636.633986,18.29946124,51.67350655,379.3726881,158.9083213,0.0,323.9412373,0.0,307.6799447,35559.19073,31.62110571,33.07734624,300.0580631,95.80572927,0.0,0.0,0.0
2.277090915663853e-05,1.376025142123449e-05,5.835215099734546e-06,1.0856214139041017e-06,0.0001675113841654029,1.411307838075332e-06,6.432306877381802e-06,6.19889827339242e-05,3.121161564974292e-06,0.0,3.528269595188331e-07,5.699512422996534e-07,0.0,0.0,5.984935519001738e-05,0.0024468271626875,8.123161168522499e-07,0.0,0.0,0.0,16917.0,0.0,2303.0,4933.0,0.0,0.0,502.0,1670.0,599.0,1034.0,3924.0,2122.0,0.0,0.0,639.0,1489.0,599.0,277.0,0.0,447.0
1.9041705833636635e-05,3.41563452363554e-05,9.785701583089522e-05,1.5616938597371053e-05,0.0006372350237611493,5.251309762273892e-06,1.331092865828556e-05,2.76721192690259e-05,2.602823099561842e-06,0.0,2.968131604763504e-07,2.23751459436018e-06,0.0,0.0,2.667994265309224e-05,0.0168926302249761,7.484472361428516e-07,0.0,0.0,0.0,29484.0,0.0,3605.0,6699.0,0.0,0.0,478.0,1410.0,401.0,2108.0,4694.0,6198.0,0.0,0.0,506.0,4239.0,1070.0,692.0,0.0,528.0
9.777811244260233e-06,5.497844044815363e-06,2.515785597722473e-05,4.871507381481967e-06,0.0001030323811183436,1.5310451770371895e-06,1.913806471296487e-06,6.646127927593255e-06,8.003190698148945e-07,4.523542568518969e-07,0.0,2.2965677655557845e-06,0.0,4.871507381481967e-07,6.441471474904735e-06,0.0040032227592363,1.0791994094081232e-06,4.721497416160539e-07,47.19171432,44.90822661,4517.324581,122.0559371,0.0,1563.363511,16.74687304,58.28991754,247.7777348,0.0,0.0,659.2847662,0.0,1219.870962,43227.90961,6.92671647,64.63165397,605.248023,148.440071,83.27475776,0.0,0.0
0.0,0.0,5.767204019183085e-06,0.0,7.41054709991805e-06,0.0,0.0,2.139446652277596e-06,0.0,1.147239509192334e-06,0.0,1.953407812949109e-06,0.0,0.0,2.0766539939609096e-06,0.00020020148359170973,4.845525985908789e-06,0.0,33.65778818,17.70529671,2102.836438,0.0,0.0,1559.278451,8.400958163,14.44482208,335.7201635,802.7477774,0.0,146.4551491,0.0,189.8748789,35928.36932,33.70190032,0.0,252.0220177,53.86228679,0.0,0.0,0.0
1.8927636787100328e-05,3.0357487130794464e-05,3.338590901673052e-05,7.644322986274068e-06,0.00017489136391280705,1.6851702429805457e-06,1.006217594359398e-05,9.163418480671024e-05,6.130112043306042e-06,0.0,2.4422757144645586e-07,1.4897881858233808e-06,0.0,0.0,8.88796913884865e-05,0.0053848490637121,1.2791853238215008e-06,0.0,27.0,0.0,1705.0,39.0,0.0,946.0,9.8,6.8,385.0,0.0,0.0,248.0,0.0,201.0,0.0,0.0,0.0,101.0,65.0,0.0,0.0,0.0
1.2332787950043986e-06,2.969004506492071e-07,3.951059843254833e-06,1.0505708253741174e-06,6.189232471225779e-06,3.6541593926056257e-07,2.969004506492071e-07,3.425774430567774e-07,9.363783443551916e-07,7.308318785211251e-07,0.0,3.0375199951034265e-06,5.024469164832736e-07,6.394778937059845e-07,3.291852408524414e-07,0.00015693357715572056,7.768771684117617e-06,6.144791162578907e-07,26.64091674,22.62194924,1471.95478,122.4963966,0.0,1992.244585,15.28969458,12.58328802,144.7061495,0.0,0.0,300.6812239,0.0,143.7993006,46824.48841000001,22.2394538,26.71569131,214.7150124,41.5388755,0.0,0.0,0.0
5.927836006416882e-06,0.0,3.593750578890235e-05,0.0,0.00024859862251910803,0.0,5.927836006416882e-06,0.0,0.0,0.0,0.0,0.0,0.0,0.0,0.0,0.0066506526524557,0.0,0.0,13.84731942,0.0,21923.78736,52.11733371,0.0,5272.966148,4.663640919,81.79835329999997,103.6072845,0.0,0.0,1528.642618,533.8478294,9430.98607,66258.90544,32.54333356,0.0,0.0,346.900243,0.0,0.0,0.0
1.2489786254258684e-06,0.0,2.587170009810727e-06,0.0,0.0001049439421220926,0.0,0.0,2.973758631966353e-07,0.0,0.0,0.0,6.244893127129342e-07,0.0,0.0,2.7901998249038004e-07,0.00012201543834304318,8.64961945720178e-07,0.0,9.9,0.0,30184.0,0.0,1246.0,16647.0,9.6,17.0,227.0,317.0,0.0,4338.0,1855.0,13486.0,0.0,0.0,0.0,489.0,1147.0,0.0,0.0,0.0
4.90693890006816e-07,0.0,5.0184602387060726e-06,5.129981577343985e-07,2.096601166392759e-06,0.0,0.0,6.022152286447287e-07,0.0,0.0,8.029536381929716e-07,1.6951243472962733e-06,0.0,0.0,5.659213838362414e-07,9.748519837860588e-05,2.116965176572607e-06,0.0,0.0,0.0,4488.0,0.0,0.0,2559.0,0.0,5.6,145.0,0.0,0.0,556.0,0.0,2108.0,0.0,0.0,0.0,137.0,120.0,0.0,0.0,0.0
4.0202293186333154e-06,5.347103034635444e-07,6.139266447174029e-07,0.0,1.564522739763704e-06,0.0,0.0,5.54514388777009e-07,7.525552419116551e-07,1.2278532894348055e-06,0.0,1.307069630688664e-06,2.574531090750399e-07,5.149062181500798e-07,5.335748140491773e-07,4.613516517189494e-05,1.3720495218407415e-06,6.669685175614716e-07,14.88837919,0.0,22679.75291,94.85460985,0.0,1803.032975,14.86116373,17.77933133,0.0,171.97959319999995,88.03286991,1189.690439,0.0,5073.086531,870.3123800000003,3.948696837,67.08976975,53.34972964,1118.666082,0.0,0.0,886.136748
3.381969036158383e-06,1.94157619967406e-05,4.278394563814822e-06,2.0373307446737246e-06,0.00016139734159305248,2.241063819141097e-07,6.723191457423291e-06,1.0594119872303368e-06,2.1188239744606736e-06,0.0,1.0186653723368623e-06,6.315725308488547e-07,0.0,0.0,9.827914353657574e-07,0.0002236228512163008,3.987865247349516e-06,0.0,0.0,15.0,2177.0,0.0,0.0,1614.0,22.0,21.0,488.0,341.0,0.0,380.0,0.0,207.0,0.0,0.0,0.0,268.0,71.0,0.0,0.0,0.0
0.0,0.0,3.923774675854378e-06,0.0,2.5389130255528327e-06,0.0,0.0,2.4523591724089858e-06,0.0,1.1540513752512876e-06,0.0,8.828493020672348e-06,0.0,7.212821095320546e-07,2.3475513934236524e-06,3.808556907683784e-05,2.1155580792500207e-05,6.904562921834272e-07,177.2281299,157.534861,17974.23694,125.8044487,0.0,1292.01439,17.82588973,40.64669993,236.7515434,0.0,0.0,243.6108149,0.0,1501.969686,0.0,37.14216051,10.25156448,351.93201150000016,253.14931980000003,476.0771602,0.0,0.0
1.5389362611726122e-05,1.336787853984684e-05,0.00010710605122779726,2.184506980901801e-05,0.0007056283594130862,8.607609596389186e-06,4.075572725563061e-06,6.1720473355927e-05,6.194870542855853e-07,0.0,0.0,8.803237087216213e-07,0.0,0.0,6.051429478389476e-05,0.0178616588237306,4.79511052170323e-07,0.0,15.0,0.0,1675.0,42.0,0.0,1338.0,11.0,5.6,286.0,196.0,0.0,569.0,0.0,169.0,0.0,0.0,49.0,262.0,111.0,0.0,0.0,0.0
8.241368467798686e-06,5.520533901874718e-07,4.061535656379257e-06,0.0,9.030016168066502e-06,0.0,0.0,1.1632553578950298e-05,0.0,1.1829715504017254e-06,4.7318862016069013e-07,9.542637173240584e-06,0.0,7.886477002678169e-07,1.1307248214413025e-05,0.00019440800997797575,2.989713087200732e-06,7.665930992822388e-07,29.35523306,0.0,1365.341739,0.0,0.0,1341.537474,9.268313936,32.15845218,317.373399,0.0,0.0,178.20578500000005,0.0,113.7158429,0.0,6.694530187000001,19.92765877,392.9204464,84.57758861,0.0,0.0,0.0
0.0,1.149494166604478e-06,5.444972368126475e-07,0.0,9.67995087666929e-07,0.0,0.0,4.204728662053222e-06,0.0,9.074953946877458e-07,0.0,1.7544910963963085e-06,0.0,6.352467762814221e-07,3.8042559771635168e-06,2.8627710446856396e-05,3.99583721342355e-06,1.1221186695230516e-06,3.952934073,9.767971692,2183.056369000001,39.52593447,0.0,2055.95107,6.48008271,9.04977174,74.39335551,0.0,0.0,586.9258789,0.0,273.7237705,0.0,0.0,178.21752719999995,369.7484004,184.5809179,0.0,0.0,0.0
1.3480805626927596e-05,3.0413746244219147e-05,5.846780527983509e-05,7.406795960337853e-06,0.0003508723785459162,3.3865881234583106e-06,1.5163175210839144e-05,2.8840621438483675e-05,8.171509407570375e-06,0.0,0.0,9.613540479494558e-07,0.0,0.0,2.822041064289174e-05,0.0082162229049851,7.696475629879565e-07,0.0,22.0,0.0,2936.0,50.0,0.0,648.0,12.0,5.7,323.0,187.0,0.0,425.0,0.0,193.0,0.0,0.0,34.0,573.0,122.0,0.0,0.0,0.0
0.0,0.0,4.835816767034044e-07,0.0,6.1656663779684056e-06,0.0,0.0,4.231339671154788e-07,0.0,1.178730336964548e-06,0.0,8.764917890249205e-06,5.742532410852927e-07,6.64924805467181e-07,4.030463974057631e-07,2.1908450601841837e-05,2.8789028386125933e-07,6.333586244947706e-07,17.08423663,11.4211438,6449.420147,57.09567588,0.0,4553.605601,4.743486784,43.41431238,174.05947859999995,62.63754849,0.0,997.6256535,0.0,5679.88742,0.0,7.898484606,0.0,40.16288775,446.0133698,0.0,0.0,0.0
